text,category
"Tech giant Apple announced its latest iPhone model with improved battery life and a new chip. The company also revealed updates to its ecosystem including watchOS and iPadOS. Analysts expect strong demand during the holiday season.",Technology
"Senate passes bipartisan infrastructure bill after months of negotiation. The legislation includes funding for roads, bridges, and broadband. President is expected to sign the bill next week.",Politics
"Home team wins championship in overtime thriller. The star quarterback threw for three touchdowns and the defense held strong in the final minutes. Fans celebrated in the streets.",Sports
"New sci-fi series drops on streaming platform to critical acclaim. Critics praise the visual effects and storyline. Second season has already been greenlit.",Entertainment
"Researchers discover potential breakthrough in renewable energy storage. The new battery design could extend capacity by forty percent. Peer review is pending.",Science
"Software company reports record earnings amid cloud growth. CEO outlines strategy for expansion into new markets. Stock rises in after-hours trading.",Technology
"Opposition leader calls for early elections following policy dispute. Coalition government faces internal tensions. Polls suggest close race.",Politics
"Olympic athletes prepare for winter games. Training facilities see upgrades and national federations announce final rosters. Broadcast rights secured across multiple regions.",Sports
"Award-winning director announces new project with A-list cast. Filming begins next month in Europe. Studio confirms large budget.",Entertainment
"Study links diet to longevity in major peer-reviewed journal. Scientists recommend Mediterranean-style eating. Further trials planned.",Science
"Electric vehicle maker unveils new sedan with extended range. Charging network to expand in key cities. Pre-orders open today.",Technology
"Budget proposal includes tax changes and spending increases. Treasury secretary defends figures. House committee to review next week.",Politics
"Star forward signs contract extension with championship team. Deal reported to be among the richest in league history. Fans react positively.",Sports
"Streaming service adds classic films and original documentaries. Subscription price unchanged. Competing platforms announce similar moves.",Entertainment
"Climate researchers publish updated models showing faster warming trends. International panel to discuss findings. Governments urged to act.",Science
"Cybersecurity firm warns of new threats targeting critical infrastructure. Patches released for affected systems. Agencies advise vigilance.",Technology
"Diplomatic talks resume between nations after ceasefire. Envoys meet in neutral location. Humanitarian aid corridors agreed.",Politics
"Underdog team advances to finals with upset victory. Coach credits teamwork and preparation. Opponents favored to win next round.",Sports
"Animated sequel breaks box office records in opening weekend. Families flock to theaters. Merchandise sales surge.",Entertainment
"Robotic probe sends first images from distant asteroid. Mission could shed light on solar system formation. Sample return planned.",Science
